INSERT INTO Sockets(SocketId, socketName) VALUES (1, 'LGA 1155');
INSERT INTO Sockets(SocketId, socketName) VALUES (2, 'LGA 1150');
INSERT INTO Sockets(SocketId, socketName) VALUES (3, 'LGA 1151 v1');
INSERT INTO Sockets(SocketId, socketName) VALUES (4, 'LGA 1151 v2');
INSERT INTO Sockets(SocketId, socketName) VALUES (5, 'LGA 1200');
INSERT INTO Sockets(SocketId, socketName) VALUES (6, 'LGA 1700');
INSERT INTO Sockets(SocketId, socketName) VALUES (7, 'LGA 1851');
INSERT INTO Sockets(SocketId, socketName) VALUES (8, 'LGA 2011');
INSERT INTO Sockets(SocketId, socketName) VALUES (9, 'LGA 2011 v3');
INSERT INTO Sockets(SocketId, socketName) VALUES (10, 'LGA 2066');
INSERT INTO Sockets(SocketId, socketName) VALUES (11, 'AM3/AM3+');
INSERT INTO Sockets(SocketId, socketName) VALUES (12, 'AM4');
INSERT INTO Sockets(SocketId, socketName) VALUES (13, 'AM5');
INSERT INTO Sockets(SocketId, socketName) VALUES (14, 'FM2/FM2+');
INSERT INTO Sockets(SocketId, socketName) VALUES (15, 'TR4');

INSERT INTO PCI(PCIId, version, width) VALUES (1, 1, 1);
INSERT INTO PCI(PCIId, version, width) VALUES (2, 1, 4);
INSERT INTO PCI(PCIId, version, width) VALUES (3, 1, 8);
INSERT INTO PCI(PCIId, version, width) VALUES (4, 1, 16);
INSERT INTO PCI(PCIId, version, width) VALUES (5, 2, 1);
INSERT INTO PCI(PCIId, version, width) VALUES (6, 2, 4);
INSERT INTO PCI(PCIId, version, width) VALUES (7, 2, 8);
INSERT INTO PCI(PCIId, version, width) VALUES (8, 2, 16);
INSERT INTO PCI(PCIId, version, width) VALUES (9, 3, 1);
INSERT INTO PCI(PCIId, version, width) VALUES (10, 3, 4);
INSERT INTO PCI(PCIId, version, width) VALUES (11, 3, 8);
INSERT INTO PCI(PCIId, version, width) VALUES (12, 3, 16);
INSERT INTO PCI(PCIId, version, width) VALUES (13, 4, 1);
INSERT INTO PCI(PCIId, version, width) VALUES (14, 4, 4);
INSERT INTO PCI(PCIId, version, width) VALUES (15, 4, 8);
INSERT INTO PCI(PCIId, version, width) VALUES (16, 4, 16);
INSERT INTO PCI(PCIId, version, width) VALUES (17, 5, 1);
INSERT INTO PCI(PCIId, version, width) VALUES (18, 5, 4);
INSERT INTO PCI(PCIId, version, width) VALUES (19, 5, 8);
INSERT INTO PCI(PCIId, version, width) VALUES (20, 5, 16);
INSERT INTO PCI(PCIId, version, width) VALUES (21, 6, 1);
INSERT INTO PCI(PCIId, version, width) VALUES (22, 6, 4);
INSERT INTO PCI(PCIId, version, width) VALUES (23, 6, 8);
INSERT INTO PCI(PCIId, version, width) VALUES (24, 6, 16);

INSERT INTO Brands(brandId, brandName) VALUES (1, 'Intel');
INSERT INTO Brands(brandId, brandName) VALUES (2, 'AMD');
INSERT INTO Brands(brandId, brandName) VALUES (3, 'ASUS');
INSERT INTO Brands(brandId, brandName) VALUES (4, 'ASRock');
INSERT INTO Brands(brandId, brandName) VALUES (5, 'GiGABYTE');
INSERT INTO Brands(brandId, brandName) VALUES (6, 'MSI');
INSERT INTO Brands(brandId, brandName) VALUES (7, 'NVIDIA');
INSERT INTO Brands(brandId, brandName) VALUES (8, 'Corsair');
INSERT INTO Brands(brandId, brandName) VALUES (9, 'G.Skill');
INSERT INTO Brands(brandId, brandName) VALUES (10, 'Kingston');
INSERT INTO Brands(brandId, brandName) VALUES (11, 'ADATA');
INSERT INTO Brands(brandId, brandName) VALUES (12, 'Crucial');
INSERT INTO Brands(brandId, brandName) VALUES (13, 'HyperX ');
INSERT INTO Brands(brandId, brandName) VALUES (14, 'TeamGroup');
INSERT INTO Brands(brandId, brandName) VALUES (15, 'Patriot');
INSERT INTO Brands(brandId, brandName) VALUES (16, 'Samsung');

INSERT INTO RAMType(RAMTypeId, RAMTypeName) VALUES (1, 'DDR1');
INSERT INTO RAMType(RAMTypeId, RAMTypeName) VALUES (2, 'DDR2');
INSERT INTO RAMType(RAMTypeId, RAMTypeName) VALUES (3, 'DDR3');
INSERT INTO RAMType(RAMTypeId, RAMTypeName) VALUES (4, 'DDR4');
INSERT INTO RAMType(RAMTypeId, RAMTypeName) VALUES (5, 'DDR5');

INSERT INTO FormFactor(formId, formName, widthMM, heightMM) VALUES (1, 'Extended-ATX', 305, 330);
INSERT INTO FormFactor(formId, formName, widthMM, heightMM) VALUES (2, 'Standard-ATX', 305, 244);
INSERT INTO FormFactor(formId, formName, widthMM, heightMM) VALUES (3, 'Micro-ATX', 244, 244);
INSERT INTO FormFactor(formId, formName, widthMM, heightMM) VALUES (4, 'Mini-ITX', 170, 170);

INSERT INTO PSUQuality(PSUQualityId, qualityName, efficiency) VALUES (1, 'BRONZE', 85);
INSERT INTO PSUQuality(PSUQualityId, qualityName, efficiency) VALUES (2, 'SILVER', 88);
INSERT INTO PSUQuality(PSUQualityId, qualityName, efficiency) VALUES (3, 'GOLD', 90);
INSERT INTO PSUQuality(PSUQualityId, qualityName, efficiency) VALUES (4, 'PLATINUM', 92);
INSERT INTO PSUQuality(PSUQualityId, qualityName, efficiency) VALUES (5, 'TITANIUM', 94);

INSERT INTO Supplier(supplierId, supplierName) VALUES (1, 'iPon');
INSERT INTO Supplier(supplierId, supplierName) VALUES (2, 'AQUA');

INSERT INTO ProductType(productTypeId, productName) VALUES (1, 'CPU');
INSERT INTO ProductType(productTypeId, productName) VALUES (2, 'RAM');
INSERT INTO ProductType(productTypeId, productName) VALUES (3, 'MOBO');
INSERT INTO ProductType(productTypeId, productName) VALUES (4, 'COOLER');
INSERT INTO ProductType(productTypeId, productName) VALUES (5, 'GPU');
INSERT INTO ProductType(productTypeId, productName) VALUES (6, 'CASE');
INSERT INTO ProductType(productTypeId, productName) VALUES (7, 'PSU');

INSERT INTO CPU(CPUId, CPUName, socketId, brandId, CPUSpeedMHZ, coreCnt, threadCnt, wattage) VALUES (1, 'Intel Core i5-11400', 3, 1, 2600, 6, 12, 65);
INSERT INTO CPU(CPUId, CPUName, socketId, brandId, CPUSpeedMHZ, coreCnt, threadCnt, wattage) VALUES (2, 'Intel Core i7-11700K', 4, 1, 3600, 8, 16, 125);
INSERT INTO CPU(CPUId, CPUName, socketId, brandId, CPUSpeedMHZ, coreCnt, threadCnt, wattage) VALUES (3, 'AMD Ryzen 5 5600X', 12, 2, 3700, 6, 12, 65);
INSERT INTO CPU(CPUId, CPUName, socketId, brandId, CPUSpeedMHZ, coreCnt, threadCnt, wattage) VALUES (4, 'AMD Ryzen 9 7900X', 13, 2, 4700, 12, 24, 170);
INSERT INTO CPU(CPUId, CPUName, socketId, brandId, CPUSpeedMHZ, coreCnt, threadCnt, wattage) VALUES (5, 'Intel Core i9-12900K', 5, 1, 3200, 16, 24, 125);
INSERT INTO CPU(CPUId, CPUName, socketId, brandId, CPUSpeedMHZ, coreCnt, threadCnt, wattage) VALUES (6, 'Intel Core i3-10100', 3, 1, 3600, 4, 8, 65);
INSERT INTO CPU(CPUId, CPUName, socketId, brandId, CPUSpeedMHZ, coreCnt, threadCnt, wattage) VALUES (7, 'AMD Ryzen 3 3100', 12, 2, 3600, 4, 8, 65);
INSERT INTO CPU(CPUId, CPUName, socketId, brandId, CPUSpeedMHZ, coreCnt, threadCnt, wattage) VALUES (8, 'Intel Xeon W-3175X', 10, 1, 3000, 28, 56, 255);
INSERT INTO CPU(CPUId, CPUName, socketId, brandId, CPUSpeedMHZ, coreCnt, threadCnt, wattage) VALUES (9, 'AMD Ryzen Threadripper 3990X', 15, 2, 2900, 64, 128, 280);
INSERT INTO CPU(CPUId, CPUName, socketId, brandId, CPUSpeedMHZ, coreCnt, threadCnt, wattage) VALUES (10, 'Intel Core i7-6700K', 3, 1, 4000, 4, 8, 91);
INSERT INTO CPU(CPUId, CPUName, socketId, brandId, CPUSpeedMHZ, coreCnt, threadCnt, wattage) VALUES (11, 'AMD A10-7890K', 14, 2, 4100, 4, 4, 95);
INSERT INTO CPU(CPUId, CPUName, socketId, brandId, CPUSpeedMHZ, coreCnt, threadCnt, wattage) VALUES (12, 'Intel Core i5-12400', 6, 1, 2500, 6, 12, 65);
INSERT INTO CPU(CPUId, CPUName, socketId, brandId, CPUSpeedMHZ, coreCnt, threadCnt, wattage) VALUES (13, 'AMD Ryzen 5 3600', 12, 2, 3600, 6, 12, 65);
INSERT INTO CPU(CPUId, CPUName, socketId, brandId, CPUSpeedMHZ, coreCnt, threadCnt, wattage) VALUES (14, 'AMD FX-8350', 11, 2, 4000, 8, 8, 125);

INSERT INTO CPURAMComp(CompId, CPUId, RAMTypeId, SpeedMHZ) VALUES (1, 1, 4, 2133);
INSERT INTO CPURAMComp(CompId, CPUId, RAMTypeId, SpeedMHZ) VALUES (2, 1, 4, 2666);
INSERT INTO CPURAMComp(CompId, CPUId, RAMTypeId, SpeedMHZ) VALUES (3, 1, 4, 3200);
INSERT INTO CPURAMComp(CompId, CPUId, RAMTypeId, SpeedMHZ) VALUES (4, 1, 5, 4800);
INSERT INTO CPURAMComp(CompId, CPUId, RAMTypeId, SpeedMHZ) VALUES (5, 2, 4, 2933);
INSERT INTO CPURAMComp(CompId, CPUId, RAMTypeId, SpeedMHZ) VALUES (6, 2, 4, 3200);
INSERT INTO CPURAMComp(CompId, CPUId, RAMTypeId, SpeedMHZ) VALUES (7, 2, 4, 3600);
INSERT INTO CPURAMComp(CompId, CPUId, RAMTypeId, SpeedMHZ) VALUES (8, 2, 5, 4800);
INSERT INTO CPURAMComp(CompId, CPUId, RAMTypeId, SpeedMHZ) VALUES (9, 3, 4, 2133);
INSERT INTO CPURAMComp(CompId, CPUId, RAMTypeId, SpeedMHZ) VALUES (10, 3, 4, 2666);
INSERT INTO CPURAMComp(CompId, CPUId, RAMTypeId, SpeedMHZ) VALUES (11, 3, 4, 3200);
INSERT INTO CPURAMComp(CompId, CPUId, RAMTypeId, SpeedMHZ) VALUES (12, 4, 5, 4000);
INSERT INTO CPURAMComp(CompId, CPUId, RAMTypeId, SpeedMHZ) VALUES (13, 4, 5, 4800);
INSERT INTO CPURAMComp(CompId, CPUId, RAMTypeId, SpeedMHZ) VALUES (14, 4, 5, 5200);
INSERT INTO CPURAMComp(CompId, CPUId, RAMTypeId, SpeedMHZ) VALUES (15, 5, 4, 3200);
INSERT INTO CPURAMComp(CompId, CPUId, RAMTypeId, SpeedMHZ) VALUES (16, 5, 5, 4800);
INSERT INTO CPURAMComp(CompId, CPUId, RAMTypeId, SpeedMHZ) VALUES (17, 9, 4, 2133);
INSERT INTO CPURAMComp(CompId, CPUId, RAMTypeId, SpeedMHZ) VALUES (18, 9, 4, 2666);
INSERT INTO CPURAMComp(CompId, CPUId, RAMTypeId, SpeedMHZ) VALUES (19, 9, 4, 3200);
INSERT INTO CPURAMComp(CompId, CPUId, RAMTypeId, SpeedMHZ) VALUES (20, 10, 4, 2133);
INSERT INTO CPURAMComp(CompId, CPUId, RAMTypeId, SpeedMHZ) VALUES (21, 10, 4, 2400);
INSERT INTO CPURAMComp(CompId, CPUId, RAMTypeId, SpeedMHZ) VALUES (22, 11, 3, 1600);
INSERT INTO CPURAMComp(CompId, CPUId, RAMTypeId, SpeedMHZ) VALUES (23, 11, 3, 1866);
INSERT INTO CPURAMComp(CompId, CPUId, RAMTypeId, SpeedMHZ) VALUES (24, 11, 3, 2133);
INSERT INTO CPURAMComp(CompId, CPUId, RAMTypeId, SpeedMHZ) VALUES (25, 12, 4, 2133);
INSERT INTO CPURAMComp(CompId, CPUId, RAMTypeId, SpeedMHZ) VALUES (26, 12, 4, 2666);
INSERT INTO CPURAMComp(CompId, CPUId, RAMTypeId, SpeedMHZ) VALUES (27, 12, 4, 3200);
INSERT INTO CPURAMComp(CompId, CPUId, RAMTypeId, SpeedMHZ) VALUES (28, 12, 5, 4800);
INSERT INTO CPURAMComp(CompId, CPUId, RAMTypeId, SpeedMHZ) VALUES (29, 13, 4, 2133);
INSERT INTO CPURAMComp(CompId, CPUId, RAMTypeId, SpeedMHZ) VALUES (30, 13, 4, 2666);
INSERT INTO CPURAMComp(CompId, CPUId, RAMTypeId, SpeedMHZ) VALUES (31, 13, 4, 3200);
INSERT INTO CPURAMComp(CompId, CPUId, RAMTypeId, SpeedMHZ) VALUES (32, 14, 3, 1600);
INSERT INTO CPURAMComp(CompId, CPUId, RAMTypeId, SpeedMHZ) VALUES (33, 14, 3, 1866);
INSERT INTO CPURAMComp(CompId, CPUId, RAMTypeId, SpeedMHZ) VALUES (34, 14, 3, 2133);

INSERT INTO Mobo(MoboId, MoboName, socketId, formId, brandId, supportedRAMTypeId, RAMSlotCount) VALUES (1, 'ASUS ROG Maximus Z690 Extreme', 6, 1, 3, 4, 4);
INSERT INTO Mobo(MoboId, MoboName, socketId, formId, brandId, supportedRAMTypeId, RAMSlotCount) VALUES (2, 'MSI MAG B650 TOMAHAWK', 13, 2, 6, 5, 4);
INSERT INTO Mobo(MoboId, MoboName, socketId, formId, brandId, supportedRAMTypeId, RAMSlotCount) VALUES (3, 'Gigabyte B560M AORUS PRO', 5, 3, 5, 4, 4);
INSERT INTO Mobo(MoboId, MoboName, socketId, formId, brandId, supportedRAMTypeId, RAMSlotCount) VALUES (4, 'ASRock B550 Phantom Gaming-ITX/AX', 12, 4, 4, 4, 2);
INSERT INTO Mobo(MoboId, MoboName, socketId, formId, brandId, supportedRAMTypeId, RAMSlotCount) VALUES (5, 'MSI Z390-A PRO', 4, 2, 6, 4, 4);
INSERT INTO Mobo(MoboId, MoboName, socketId, formId, brandId, supportedRAMTypeId, RAMSlotCount) VALUES (6, 'ASUS ROG Zenith II Extreme', 15, 1, 3, 4, 8);
INSERT INTO Mobo(MoboId, MoboName, socketId, formId, brandId, supportedRAMTypeId, RAMSlotCount) VALUES (7, 'ASUS Z97I-PLUS', 2, 4, 3, 3, 2);
INSERT INTO Mobo(MoboId, MoboName, socketId, formId, brandId, supportedRAMTypeId, RAMSlotCount) VALUES (8, 'Gigabyte GA-78LMT-USB3', 11, 3, 5, 3, 4);
INSERT INTO Mobo(MoboId, MoboName, socketId, formId, brandId, supportedRAMTypeId, RAMSlotCount) VALUES (9, 'ASRock X299 Taichi', 10, 2, 4, 4, 8);
INSERT INTO Mobo(MoboId, MoboName, socketId, formId, brandId, supportedRAMTypeId, RAMSlotCount) VALUES (10, 'MSI MEG X670E GODLIKE', 13, 1, 6, 5, 4);

INSERT INTO MoboPCI(MoboId, PCIId) VALUES (1, 20);
INSERT INTO MoboPCI(MoboId, PCIId) VALUES (1, 19);
INSERT INTO MoboPCI(MoboId, PCIId) VALUES (1, 18);
INSERT INTO MoboPCI(MoboId, PCIId) VALUES (2, 16);
INSERT INTO MoboPCI(MoboId, PCIId) VALUES (2, 15);
INSERT INTO MoboPCI(MoboId, PCIId) VALUES (2, 14);
INSERT INTO MoboPCI(MoboId, PCIId) VALUES (3, 12);
INSERT INTO MoboPCI(MoboId, PCIId) VALUES (3, 11);
INSERT INTO MoboPCI(MoboId, PCIId) VALUES (4, 16);
INSERT INTO MoboPCI(MoboId, PCIId) VALUES (5, 12);
INSERT INTO MoboPCI(MoboId, PCIId) VALUES (5, 11);
INSERT INTO MoboPCI(MoboId, PCIId) VALUES (6, 16);
INSERT INTO MoboPCI(MoboId, PCIId) VALUES (6, 15);
INSERT INTO MoboPCI(MoboId, PCIId) VALUES (6, 14);
INSERT INTO MoboPCI(MoboId, PCIId) VALUES (7, 8);
INSERT INTO MoboPCI(MoboId, PCIId) VALUES (8, 8);
INSERT INTO MoboPCI(MoboId, PCIId) VALUES (8, 6);
INSERT INTO MoboPCI(MoboId, PCIId) VALUES (9, 12);
INSERT INTO MoboPCI(MoboId, PCIId) VALUES (9, 11);
INSERT INTO MoboPCI(MoboId, PCIId) VALUES (9, 10);
INSERT INTO MoboPCI(MoboId, PCIId) VALUES (10, 20);
INSERT INTO MoboPCI(MoboId, PCIId) VALUES (10, 19);
INSERT INTO MoboPCI(MoboId, PCIId) VALUES (10, 18);

INSERT INTO RAM(RAMId, RAMName, RAMTypeId, brandId, RAMSizeGB, RAMSpeedMHZ, stickCount) VALUES (1, 'Corsair Vengeance LPX 16GB DDR4 3200MHz', 4, 8, 16, 3200, 2);
INSERT INTO RAM(RAMId, RAMName, RAMTypeId, brandId, RAMSizeGB, RAMSpeedMHZ, stickCount) VALUES (2, 'G.Skill Ripjaws V 32GB DDR4 3600MHz', 4, 9, 32, 3600, 2);
INSERT INTO RAM(RAMId, RAMName, RAMTypeId, brandId, RAMSizeGB, RAMSpeedMHZ, stickCount) VALUES (3, 'Kingston FURY Beast 8GB DDR4 2666MHz', 4, 10, 8, 2666, 1);
INSERT INTO RAM(RAMId, RAMName, RAMTypeId, brandId, RAMSizeGB, RAMSpeedMHZ, stickCount) VALUES (4, 'ADATA XPG Lancer RGB 16GB DDR5 5200MHz', 5, 11, 16, 5200, 2);
INSERT INTO RAM(RAMId, RAMName, RAMTypeId, brandId, RAMSizeGB, RAMSpeedMHZ, stickCount) VALUES (5, 'Crucial Ballistix 32GB DDR4 3000MHz', 4, 12, 32, 3000, 2);
INSERT INTO RAM(RAMId, RAMName, RAMTypeId, brandId, RAMSizeGB, RAMSpeedMHZ, stickCount) VALUES (6, 'HyperX Predator 16GB DDR3 1866MHz', 3, 13, 16, 1866, 2);
INSERT INTO RAM(RAMId, RAMName, RAMTypeId, brandId, RAMSizeGB, RAMSpeedMHZ, stickCount) VALUES (7, 'TeamGroup T-Force Vulcan Z 8GB DDR4 3000MHz', 4, 14, 8, 3000, 1);
INSERT INTO RAM(RAMId, RAMName, RAMTypeId, brandId, RAMSizeGB, RAMSpeedMHZ, stickCount) VALUES (8, 'Patriot Signature Line 4GB DDR2 800MHz', 2, 15, 4, 800, 1);
INSERT INTO RAM(RAMId, RAMName, RAMTypeId, brandId, RAMSizeGB, RAMSpeedMHZ, stickCount) VALUES (9, 'G.Skill Trident Z Royal 64GB DDR4 4000MHz', 4, 9, 64, 4000, 4);
INSERT INTO RAM(RAMId, RAMName, RAMTypeId, brandId, RAMSizeGB, RAMSpeedMHZ, stickCount) VALUES (10, 'Samsung DDR1 1GB 266MHz', 1, 16, 1, 266, 1);

INSERT INTO GPU(GPUId, GPUName, brandId, GPUSpeedMHZ, GPURAMSizeGB, PCIPortId, wattage) VALUES (1, 'NVIDIA GeForce RTX 3080', 7, 1440, 10, 20, 320);
INSERT INTO GPU(GPUId, GPUName, brandId, GPUSpeedMHZ, GPURAMSizeGB, PCIPortId, wattage) VALUES (2, 'NVIDIA GeForce GTX 960', 7, 1127, 4, 12, 120);
INSERT INTO GPU(GPUId, GPUName, brandId, GPUSpeedMHZ, GPURAMSizeGB, PCIPortId, wattage) VALUES (3, 'MSI GeForce RTX 3070 Ventus 3X', 6, 1500, 8, 20, 240);
INSERT INTO GPU(GPUId, GPUName, brandId, GPUSpeedMHZ, GPURAMSizeGB, PCIPortId, wattage) VALUES (4, 'ASUS ROG STRIX RTX 3090', 3, 1395, 24, 20, 350);
INSERT INTO GPU(GPUId, GPUName, brandId, GPUSpeedMHZ, GPURAMSizeGB, PCIPortId, wattage) VALUES (5, 'Gigabyte AORUS Radeon RX 6700 XT', 5, 2300, 12, 20, 230);
INSERT INTO GPU(GPUId, GPUName, brandId, GPUSpeedMHZ, GPURAMSizeGB, PCIPortId, wattage) VALUES (6, 'Intel Arc A770', 1, 2100, 16, 20, 225);
INSERT INTO GPU(GPUId, GPUName, brandId, GPUSpeedMHZ, GPURAMSizeGB, PCIPortId, wattage) VALUES (7, 'NVIDIA GeForce GTX 1650', 7, 1665, 4, 16, 75);
INSERT INTO GPU(GPUId, GPUName, brandId, GPUSpeedMHZ, GPURAMSizeGB, PCIPortId, wattage) VALUES (8, 'AMD Radeon RX 5500 XT', 2, 1717, 8, 16, 130);
INSERT INTO GPU(GPUId, GPUName, brandId, GPUSpeedMHZ, GPURAMSizeGB, PCIPortId, wattage) VALUES (9, 'NVIDIA GeForce GT 1030', 7, 1468, 2, 12, 30);
INSERT INTO GPU(GPUId, GPUName, brandId, GPUSpeedMHZ, GPURAMSizeGB, PCIPortId, wattage) VALUES (10, 'MSI Radeon RX 7900 XTX', 6, 1900, 24, 20, 355);